GSM1096084	C_AY_10d_24h-rep1
GSM1096085	C_AY_10d_24h-rep2
GSM1096086	C_AY_10d_24h-rep3
GSM1096087	C_AY_10d_6w_rep1
GSM1096088	C_AY_10d_6w_rep2
GSM1096089	C_AY_10d_6w_rep3
GSM1096090	C_AY_5d_1.5w_rep1
GSM1096091	C_AY_5d_1.5w_rep2
GSM1096092	C_AY_5d_1.5w_rep3
GSM1096093	C_AY_5d_1.5w_rep4
GSM1096094	C_AY_5d_1.5w_rep5
GSM1096095	C_AY_5d_24h_rep1
GSM1096096	C_AY_5d_24h_rep2
GSM1096097	C_AY_5d_24h_rep3
GSM1096098	C_blood_10d_24h_rep1
GSM1096099	C_blood_10d_24h_rep2
GSM1096100	C_blood_10d_24h_rep3
GSM1096101	C_blood_10d_24h_rep4
GSM1096102	C_blood_10d_6w_rep1
GSM1096103	C_blood_10d_6w_rep2
GSM1096104	C_blood_10d_6w_rep3
GSM1096105	C_blood_10d_6w_rep4
GSM1096106	C_blood_5d_1.5w_rep1
GSM1096107	C_blood_5d_1.5w_rep2
GSM1096108	C_blood_5d_1.5w_rep3
GSM1096109	C_blood_5d_1.5w_rep4
GSM1096110	C_blood_5d_1.5w_rep5
GSM1096111	C_blood_5d_24h_rep1
GSM1096112	C_blood_5d_24h_rep2
GSM1096113	C_blood_5d_24h_rep3
GSM1096114	C_blood_5d_24h_rep4
GSM1096115	C_blood_5d_24h_rep5
GSM1096116	C_HC_10d_24h_rep1
GSM1096117	C_HC_10d_24h_rep2
GSM1096118	C_HC_10d_24h_rep3
GSM1096119	C_HC_10d_24h_rep4
GSM1096120	C_HC_10d_24h_rep5
GSM1096121	C_HC_10d_6w_rep1
GSM1096122	C_HC_10d_6w_rep2
GSM1096123	C_HC_10d_6w_rep3
GSM1096124	C_HC_10d_6w_rep4
GSM1096125	C_HC_5d_1.5w_rep1
GSM1096126	C_HC_5d_1.5w_rep2
GSM1096127	C_HC_5d_1.5w_rep3
GSM1096128	C_HC_5d_1.5w_rep4
GSM1096129	C_HC_5d_24h_rep1
GSM1096130	C_HC_5d_24h_rep2
GSM1096131	C_HC_5d_24h_rep3
GSM1096132	C_heart_10d_24h_rep1
GSM1096133	C_heart_10d_24h_rep2
GSM1096134	C_heart_10d_24h_rep3
GSM1096135	C_heart_10d_24h_rep4
GSM1096136	C_heart_10d_24h_rep5
GSM1096137	C_heart_10d_6w_rep1
GSM1096138	C_heart_10d_6w_rep2
GSM1096139	C_heart_10d_6w_rep3
GSM1096140	C_heart_10d_6w_rep4
GSM1096141	C_heart_10d_6w_rep5
GSM1096142	C_heart_5d_1.5w_rep1
GSM1096143	C_heart_5d_1.5w_rep2
GSM1096144	C_heart_5d_1.5w_rep3
GSM1096145	C_heart_5d_1.5w_rep4
GSM1096146	C_heart_5d_24h_rep1
GSM1096147	C_heart_5d_24h_rep2
GSM1096148	C_heart_5d_24h_rep3
GSM1096149	C_heart_5d_24h_rep4
GSM1096150	C_heart_5d_24h_rep5
GSM1096151	C_hemibrain_10d_24h_rep1
GSM1096152	C_hemibrain_10d_24h_rep2
GSM1096153	C_hemibrain_10d_24h_rep3
GSM1096154	C_hemibrain_10d_24h_rep4
GSM1096155	C_hemibrain_10d_24h_rep5
GSM1096156	C_hemibrain_10d_6w_rep1
GSM1096157	C_hemibrain_10d_6w_rep2
GSM1096158	C_hemibrain_10d_6w_rep3
GSM1096159	C_hemibrain_10d_6w_rep4
GSM1096160	C_hemibrain_10d_6w_rep5
GSM1096161	C_hemibrain_5d_1.5w_rep1
GSM1096162	C_hemibrain_5d_1.5w_rep2
GSM1096163	C_hemibrain_5d_1.5w_rep3
GSM1096164	C_hemibrain_5d_1.5w_rep4
GSM1096165	C_hemibrain_5d_1.5w_rep5
GSM1096166	C_hemibrain_5d_24h_rep1
GSM1096167	C_hemibrain_5d_24h_rep2
GSM1096168	C_hemibrain_5d_24h_rep3
GSM1096169	C_hemibrain_5d_24h_rep4
GSM1096170	C_MPFC_10d_24h_rep1
GSM1096171	C_MPFC_10d_24h_rep2
GSM1096172	C_MPFC_10d_24h_rep3
GSM1096173	C_MPFC_10d_6w_rep1
GSM1096174	C_MPFC_10d_6w_rep2
GSM1096175	C_MPFC_10d_6w_rep3
GSM1096176	C_MPFC_10d_6w_rep4
GSM1096177	C_MPFC_5d_1.5w_rep1
GSM1096178	C_MPFC_5d_1.5w_rep2
GSM1096179	C_MPFC_5d_1.5w_rep3
GSM1096180	C_MPFC_5d_1.5w_rep4
GSM1096181	C_MPFC_5d_1.5w_rep5
GSM1096182	C_MPFC_5d_24h_rep1
GSM1096183	C_MPFC_5d_24h_rep2
GSM1096184	C_MPFC_5d_24h_rep3
GSM1096185	C_MPFC_5d_24h_rep4
GSM1096186	C_SE_10d_24h_rep1
GSM1096187	C_SE_10d_24h_rep2
GSM1096188	C_SE_10d_24h_rep3
GSM1096189	C_SE_10d_6w_rep1
GSM1096190	C_SE_10d_6w_rep2
GSM1096191	C_SE_10d_6w_rep3
GSM1096192	C_SE_5d_1.5w_rep1
GSM1096193	C_SE_5d_1.5w_rep2
GSM1096194	C_SE_5d_24h_rep1
GSM1096195	C_SE_5d_24h_rep2
GSM1096196	C_SE_5d_24h_rep3
GSM1096197	C_spleen_10d_24h_rep1
GSM1096198	C_spleen_10d_24h_rep2
GSM1096199	C_spleen_10d_24h_rep3
GSM1096200	C_spleen_10d_24h_rep4
GSM1096201	C_spleen_10d_24h_rep5
GSM1096202	C_spleen_10d_6w_rep1
GSM1096203	C_spleen_10d_6w_rep2
GSM1096204	C_spleen_10d_6w_rep3
GSM1096205	C_spleen_10d_6w_rep4
GSM1096206	C_spleen_10d_6w_rep5
GSM1096207	C_spleen_5d_1.5w-rep1
GSM1096208	C_spleen_5d_1.5w-rep2
GSM1096209	C_spleen_5d_1.5w-rep3
GSM1096210	C_spleen_5d_1.5w-rep4
GSM1096211	C_spleen_5d_1.5w-rep5
GSM1096212	C_spleen_5d_24h_rep1
GSM1096213	C_spleen_5d_24h_rep2
GSM1096214	C_spleen_5d_24h_rep3
GSM1096215	C_spleen_5d_24h_rep4
GSM1096216	C_spleen_5d_24h_rep5
GSM1096217	C_ST_10d_24h_rep1
GSM1096218	C_ST_10d_24h_rep2
GSM1096219	C_ST_10d_24h_rep3
GSM1096220	C_ST_10d_24h_rep4
GSM1096221	C_ST_10d_6w_rep1
GSM1096222	C_ST_10d_6w_rep2
GSM1096223	C_ST_10d_6w_rep3
GSM1096224	C_ST_10d_6w_rep4
GSM1096225	C_ST_5d_1.5w_rep1
GSM1096226	C_ST_5d_1.5w_rep2
GSM1096227	C_ST_5d_1.5w_rep3
GSM1096228	C_ST_5d_1.5w_rep4
GSM1096229	C_ST_5d_1.5w_rep5
GSM1096230	C_ST_5d_24h_rep1
GSM1096231	C_ST_5d_24h_rep2
GSM1096232	C_ST_5d_24h_rep3
GSM1096233	C_ST_5d_24h_rep4
GSM1096234	C_ST_5d_24h_rep5
GSM1096235	C_VS_10d_24h_rep1
GSM1096236	C_VS_10d_24h_rep2
GSM1096237	C_VS_10d_24h_rep3
GSM1096238	C_VS_10d_6w_rep1
GSM1096239	C_VS_10d_6w_rep2
GSM1096240	C_VS_10d_6w_rep3
GSM1096241	C_VS_10d_6w_rep4
GSM1096242	C_VS_10d_6w_rep5
GSM1096243	C_VS_5d_1.5w_rep1
GSM1096244	C_VS_5d_1.5w_rep2
GSM1096245	C_VS_5d_1.5w_rep3
GSM1096246	C_VS_5d_1.5w_rep4
GSM1096247	C_VS_5d_1.5w_rep5
GSM1096248	C_VS_5d_24h_rep1
GSM1096249	C_VS_5d_24h_rep2
GSM1096250	C_VS_5d_24h_rep3
GSM1096251	C_VS_5d_24h_rep4
GSM1096252	C_VS_5d_24h_rep5
GSM1096253	SS_AY_10d_24h_rep1
GSM1096254	SS_AY_10d_24h_rep2
GSM1096255	SS_AY_10d_24h_rep3
GSM1096256	SS_AY_10d_24h_rep4
GSM1096257	SS_AY_10d_6w_rep1
GSM1096258	SS_AY_10d_6w_rep2
GSM1096259	SS_AY_10d_6w_rep3
GSM1096260	SS_AY_10d_6w_rep4
GSM1096261	SS_AY_5d_1.5w_rep1
GSM1096262	SS_AY_5d_1.5w_rep2
GSM1096263	SS_AY_5d_1.5w_rep3
GSM1096264	SS_AY_5d_1.5w_rep4
GSM1096265	SS_AY_5d_24h_rep1
GSM1096266	SS_AY_5d_24h_rep2
GSM1096267	SS_blood_10d_24h_rep1
GSM1096268	SS_blood_10d_24h_rep2
GSM1096269	SS_blood_10d_24h_rep3
GSM1096270	SS_blood_10d_24h_rep4
GSM1096271	SS_blood_10d_24h_rep5
GSM1096272	SS_blood_10d_6w_rep1
GSM1096273	SS_blood_10d_6w_rep2
GSM1096274	SS_blood_10d_6w_rep3
GSM1096275	SS_blood_10d_6w_rep4
GSM1096276	SS_blood_10d_6w_rep5
GSM1096277	SS_blood_5d_1.5w_rep1
GSM1096278	SS_blood_5d_1.5w_rep2
GSM1096279	SS_blood_5d_1.5w_rep3
GSM1096280	SS_blood_5d_1.5w_rep4
GSM1096281	SS_blood_5d_1.5w_rep5
GSM1096282	SS_blood_5d_24h_rep1
GSM1096283	SS_blood_5d_24h_rep2
GSM1096284	SS_blood_5d_24h_rep3
GSM1096285	SS_blood_5d_24h_rep4
GSM1096286	SS_blood_5d_24h_rep5
GSM1096287	SS_HC_10d_24h_rep1
GSM1096288	SS_HC_10d_24h_rep2
GSM1096289	SS_HC_10d_24h_rep3
GSM1096290	SS_HC_10d_24h_rep4
GSM1096291	SS_HC_10d_6w_rep1
GSM1096292	SS_HC_10d_6w_rep2
GSM1096293	SS_HC_10d_6w_rep3
GSM1096294	SS_HC_10d_6w_rep4
GSM1096295	SS_HC_10d_6w_rep5
GSM1096296	SS_HC_5d_1.5w_rep1
GSM1096297	SS_HC_5d_1.5w_rep2
GSM1096298	SS_HC_5d_1.5w_rep3
GSM1096299	SS_HC_5d_1.5w_rep4
GSM1096300	SS_HC_5d_1.5w_rep5
GSM1096301	SS_HC_5d_24h_rep1
GSM1096302	SS_HC_5d_24h_rep2
GSM1096303	SS_HC_5d_24h_rep3
GSM1096304	SS_HC_5d_24h_rep4
GSM1096305	SS_HC_5d_24h_rep5
GSM1096306	SS_heart_10d_24h_rep1
GSM1096307	SS_heart_10d_24h_rep2
GSM1096308	SS_heart_10d_24h_rep3
GSM1096309	SS_heart_10d_24h_rep4
GSM1096310	SS_heart_10d_24h_rep5
GSM1096311	SS_heart_10d_6w_rep1
GSM1096312	SS_heart_10d_6w_rep2
GSM1096313	SS_heart_10d_6w_rep3
GSM1096314	SS_heart_10d_6w_rep4
GSM1096315	SS_heart_10d_6w_rep5
GSM1096316	SS_heart_5d_1.5w_rep1
GSM1096317	SS_heart_5d_1.5w_rep2
GSM1096318	SS_heart_5d_1.5w_rep3
GSM1096319	SS_heart_5d_1.5w_rep4
GSM1096320	SS_heart_5d_1.5w_rep5
GSM1096321	SS_heart_5d_24h_rep1
GSM1096322	SS_heart_5d_24h_rep2
GSM1096323	SS_heart_5d_24h_rep3
GSM1096324	SS_heart_5d_24h_rep4
GSM1096325	SS_heart_5d_24h_rep5
GSM1096326	SS_hemibrain_10d_24h_rep1
GSM1096327	SS_hemibrain_10d_24h_rep2
GSM1096328	SS_hemibrain_10d_24h_rep3
GSM1096329	SS_hemibrain_10d_24h_rep4
GSM1096330	SS_hemibrain_10d_24h_rep5
GSM1096331	SS_hemibrain_10d_6w_rep1
GSM1096332	SS_hemibrain_10d_6w_rep2
GSM1096333	SS_hemibrain_10d_6w_rep3
GSM1096334	SS_hemibrain_10d_6w_rep4
GSM1096335	SS_hemibrain_10d_6w_rep5
GSM1096336	SS_hemibrain_5d_1.5w_rep1
GSM1096337	SS_hemibrain_5d_1.5w_rep2
GSM1096338	SS_hemibrain_5d_1.5w_rep3
GSM1096339	SS_hemibrain_5d_1.5w_rep4
GSM1096340	SS_hemibrain_5d_1.5w_rep5
GSM1096341	SS_hemibrain_5d_24h_rep1
GSM1096342	SS_hemibrain_5d_24h_rep2
GSM1096343	SS_hemibrain_5d_24h_rep3
GSM1096344	SS_hemibrain_5d_24h_rep4
GSM1096345	SS_hemibrain_5d_24h_rep5
GSM1096346	SS_MPFC_10d_24h_rep1
GSM1096347	SS_MPFC_10d_24h_rep2
GSM1096348	SS_MPFC_10d_24h_rep3
GSM1096349	SS_MPFC_10d_24h_rep4
GSM1096350	SS_MPFC_10d_6w_rep1
GSM1096351	SS_MPFC_10d_6w_rep2
GSM1096352	SS_MPFC_10d_6w_rep3
GSM1096353	SS_MPFC_10d_6w_rep4
GSM1096354	SS_MPFC_5d_1.5w_rep1
GSM1096355	SS_MPFC_5d_1.5w_rep2
GSM1096356	SS_MPFC_5d_1.5w_rep3
GSM1096357	SS_MPFC_5d_1.5w_rep4
GSM1096358	SS_MPFC_5d_1.5w_rep5
GSM1096359	SS_MPFC_5d_24h_rep1
GSM1096360	SS_MPFC_5d_24h_rep2
GSM1096361	SS_MPFC_5d_24h_rep3
GSM1096362	SS_MPFC_5d_24h_rep4
GSM1096363	SS_MPFC_5d_24h_rep5
GSM1096364	SS_SE_10d_24h_rep1
GSM1096365	SS_SE_10d_24h_rep2
GSM1096366	SS_SE_10d_24h_rep3
GSM1096367	SS_SE_10d_6w_rep1
GSM1096368	SS_SE_10d_6w_rep2
GSM1096369	SS_SE_10d_6w_rep3
GSM1096370	SS_SE_5d_1.5w_rep1
GSM1096371	SS_SE_5d_1.5w_rep2
GSM1096372	SS_SE_5d_1.5w_rep3
GSM1096373	SS_SE_5d_24h_rep1
GSM1096374	SS_SE_5d_24h_rep2
GSM1096375	SS_spleen_10d_24h_rep1
GSM1096376	SS_spleen_10d_24h_rep2
GSM1096377	SS_spleen_10d_24h_rep3
GSM1096378	SS_spleen_10d_24h_rep4
GSM1096379	SS_spleen_10d_6w_rep1
GSM1096380	SS_spleen_10d_6w_rep2
GSM1096381	SS_spleen_10d_6w_rep3
GSM1096382	SS_spleen_10d_6w_rep4
GSM1096383	SS_spleen_10d_6w_rep5
GSM1096384	SS_spleen_5d_1.5w_rep1
GSM1096385	SS_spleen_5d_1.5w_rep2
GSM1096386	SS_spleen_5d_1.5w_rep3
GSM1096387	SS_spleen_5d_1.5w_rep4
GSM1096388	SS_spleen_5d_1.5w_rep5
GSM1096389	SS_spleen_5d_24h_rep1
GSM1096390	SS_spleen_5d_24h_rep2
GSM1096391	SS_spleen_5d_24h_rep3
GSM1096392	SS_spleen_5d_24h_rep4
GSM1096393	SS_spleen_5d_24h_rep5
GSM1096394	SS_ST_10d_24h_rep1
GSM1096395	SS_ST_10d_24h_rep2
GSM1096396	SS_ST_10d_24h_rep3
GSM1096397	SS_ST_10d_24h_rep4
GSM1096398	SS_ST_10d_6w_rep1
GSM1096399	SS_ST_10d_6w_rep2
GSM1096400	SS_ST_10d_6w_rep3
GSM1096401	SS_ST_10d_6w_rep4
GSM1096402	SS_ST_5d_1.5w_rep1
GSM1096403	SS_ST_5d_1.5w_rep2
GSM1096404	SS_ST_5d_1.5w_rep3
GSM1096405	SS_ST_5d_1.5w_rep4
GSM1096406	SS_ST_5d_1.5w_rep5
GSM1096407	SS_ST_5d_24h_rep1
GSM1096408	SS_ST_5d_24h_rep2
GSM1096409	SS_ST_5d_24h_rep3
GSM1096410	SS_ST_5d_24h_rep4
GSM1096411	SS_ST_5d_24h_rep5
GSM1096412	SS_VS_10d_24h_rep1
GSM1096413	SS_VS_10d_24h_rep2
GSM1096414	SS_VS_10d_24h_rep3
GSM1096415	SS_VS_10d_24h_rep4
GSM1096416	SS_VS_10d_6w_rep1
GSM1096417	SS_VS_10d_6w_rep2
GSM1096418	SS_VS_10d_6w_rep3
GSM1096419	SS_VS_10d_6w_rep4
GSM1096420	SS_VS_5d_1.5w_rep1
GSM1096421	SS_VS_5d_1.5w_rep2
GSM1096422	SS_VS_5d_1.5w_rep3
GSM1096423	SS_VS_5d_1.5w_rep4
GSM1096424	SS_VS_5d_1.5w_rep5
GSM1096425	SS_VS_5d_24h_rep1
GSM1096426	SS_VS_5d_24h_rep2
GSM1096427	SS_VS_5d_24h_rep3
GSM1096428	SS_VS_5d_24h_rep4
GSM1096429	SS_VS_5d_24h_rep5
